time,data
1/1/2024 0:00,0
1/1/2024 0:15,0
1/1/2024 0:30,0
1/1/2024 0:45,0
1/1/2024 1:00,0
1/1/2024 1:15,0
1/1/2024 1:30,0
1/1/2024 1:45,0
1/1/2024 2:00,0
1/1/2024 2:15,0
1/1/2024 2:30,0
1/1/2024 2:45,0
1/1/2024 3:00,0
1/1/2024 3:15,0
1/1/2024 3:30,0
1/1/2024 3:45,0
1/1/2024 4:00,0
1/1/2024 4:15,0
1/1/2024 4:30,0
1/1/2024 4:45,0
1/1/2024 5:00,0
1/1/2024 5:15,0
1/1/2024 5:30,0
1/1/2024 5:45,0
1/1/2024 6:00,0
1/1/2024 6:15,0
1/1/2024 6:30,0
1/1/2024 6:45,0
1/1/2024 7:00,0.216666668
1/1/2024 7:15,0.466666668
1/1/2024 7:30,0.783333333
1/1/2024 7:45,1.1
1/1/2024 8:00,1.416666668
1/1/2024 8:15,1.733333333
1/1/2024 8:30,1.975
1/1/2024 8:45,2.358333333
1/1/2024 9:00,2.666666668
1/1/2024 9:15,2.933333333
1/1/2024 9:30,3.233333333
1/1/2024 9:45,3.483333333
1/1/2024 10:00,3.725
1/1/2024 10:15,3.941666668
1/1/2024 10:30,4.116666668
1/1/2024 10:45,4.341666668
1/1/2024 11:00,4.508333333
1/1/2024 11:15,4.633333333
1/1/2024 11:30,4.708333333
1/1/2024 11:45,4.75
1/1/2024 12:00,4.916666668
1/1/2024 12:15,4.966666668
1/1/2024 12:30,4.983333333
1/1/2024 12:45,4.991666668
1/1/2024 13:00,4.958333333
1/1/2024 13:15,4.908333333
1/1/2024 13:30,4.825
1/1/2024 13:45,4.725
1/1/2024 14:00,4.608333333
1/1/2024 14:15,4.466666668
1/1/2024 14:30,4.325
1/1/2024 14:45,4.041666668
1/1/2024 15:00,3.891666668
1/1/2024 15:15,3.675
1/1/2024 15:30,3.4
1/1/2024 15:45,2.808333333
1/1/2024 16:00,2.291666668
1/1/2024 16:15,2.066666668
1/1/2024 16:30,1.308333333
1/1/2024 16:45,1.55
1/1/2024 17:00,1.5
1/1/2024 17:15,0.741666668
1/1/2024 17:30,0.583333333
1/1/2024 17:45,0.341666668
1/1/2024 18:00,0.158333333
1/1/2024 18:15,0.025
1/1/2024 18:30,0
1/1/2024 18:45,0
1/1/2024 19:00,0
1/1/2024 19:15,0
1/1/2024 19:30,0
1/1/2024 19:45,0
1/1/2024 20:00,0
1/1/2024 20:15,0
1/1/2024 20:30,0
1/1/2024 20:45,0
1/1/2024 21:00,0
1/1/2024 21:15,0
1/1/2024 21:30,0
1/1/2024 21:45,0
1/1/2024 22:00,0
1/1/2024 22:15,0
1/1/2024 22:30,0
1/1/2024 22:45,0
1/1/2024 23:00,0
1/1/2024 23:15,0
1/1/2024 23:30,0
1/1/2024 23:45,0
